{
	"polygon" : [
		[42.3149, -83.0364],
		[42.300832, -83.028307], 
		[42.307703, -83.054790]
	],
	"polygonn" : [
		[42.324868, -83.006977],
		[42.320267, -83.030580], 
		[42.297968, -83.016922],
		[42.302284, -82.994649]
	],
	"pollygon" : [
		[42.316094, -83.037854],
		[42.317411, -83.033692], 
		[42.319744, -83.036309],
		[42.317872, -83.042747]
	]
}